{
    "loss": 9.453022956848145,
    "accuracy": 0.5686274766921997
}